Id,Class
0306fbe880a11761c775589ed9ff7381,1
7f521bbef670ab04d27b30ac96832734,1
b92765d38cd1c6f49dfc2da5d857efc2,1
b92b038965bdcd9ae3b91679f7cd3ab6,1
15ca5ad27034f5b9c516afc94511adba,1
0f050fb655e4624925d9d32582805601,1
090f717dec14c0198e6c235accee7cd0,1
06deb2b73527f730b68b126519fa4c55,1
c1191c7efc4b1fb674694f9920076da5,1
02b222e277c8a44e2fe67e4e734571c0,1
04cda5773c1bfa9a5387c9e5b8bfefac,1
eb7c0cf99ebc58e6a05391cc2319c89a,1
b92765d38cd1c6f49dfc2da5d857efc2,1
00fbcc473c451ac5baa52246a7aed0ce,1
dbe952dd2becf9725f84780947582fb2,1
119658211908d17d4f78f36168477af1,1
8be7ac1e01b3a5db14103187232d4f75,1
10261625aa8ca539ecd2a870c8bbc086,1
08026e2b63ec51cb36bc6cff00c28909,1
1f0f79475e428c84aa26e51fef472f3b,1
0090db3654c2bfe6925f5ace023399d9,2
234115774e10aa7c34c359091ba09f38,2
3fd5a098f2b8e5a147fbca1f4b8b8f22,2
20ea198600c8fae497e390fd2f113b5a,2
11f666e80b3cb75d5a9c4c334c08cb0c,2
b3392cd774f9ff834aeb742a7a4a40e5,2
0d35dc4a58697fc003531f7edbde9f9c,2
173cff6affac71ab04d5a12521883eb2,2
0adcc06fe300df345a48c49c66801e42,2
e9068f116991b2ee7dcd6f2a4ecdd141,2
00a419a4ffe1819a51207b3140592734,2
00a419a4ffe1819a51207b3140592734,2
11f666e80b3cb75d5a9c4c334c08cb0c,2
7b9af6586d1711150149b324cd5043bd,2
4aed54ec11434839b7d13b8a34c3b085,2
0090db3654c2bfe6925f5ace023399d9,2
2f4e363556c508921924e5a35f8c1665,2
1c17f0f46246b0a3a0ca460f42490b20,2
0c5a4e855d1842f3548a0e761b7cfdba,2
d8b10e7251ae58645ac6613a5655fc18,2
d92f94c58c07e6c8ea65184b74e5c5c1,3
abaf6cb1972d55702b559725983e134a,3
13dd34ee4cbaf6a54f6183ef80486e71,3
3d2f3690fcb3d3836161f12f6f14c633,3
b3c7575f237a5ceed88b9a0420c1beb6,3
162cb09e2eebd595eae2617cd3af1d0d,3
7c6f09574962328ddedb1b2e962eec7c,3
7cd86d83d916dbd9b04d0e7e4f9ff6e8,3
e4462db3ec4950cbe50391b4467ba301,3
1de012d8de8b0be0d0b27da1a0c03f52,3
1e680e1a75f5508f48f56b85bbc254fe,3
5dc565a01bb789d8d171c20f52ac34c8,3
04e1ddcf21e336694f56c2f819f8f467,3
3b5702c2996aea7d4a940417745b6a70,3
c124947a5df6b8fd6eee98dc1d63badd,3
5dc565a01bb789d8d171c20f52ac34c8,3
1d15765ffee294f27da4865356a994bd,3
5c12d7911a2544a7edfe69ee9bbc9b89,3
3289b7c5167d764081e6b8e379bd46c6,3
b36a751d72e2bdea80e7ff72b6fb3a41,3
592ef26fa2ffc5495fa0f5c812bdfeee,4
078f2f3bc9629b930cec5c7cd21a2e53,4
4bd33ba8957168dccbeadbbea45c6843,4
00357b0e208c20df3182d54cb2ba15bf,4
ad24048dcb0acf80b1daeecd7274bdb1,4
1046b8a9498edb5ee6f175d752ec9c32,4
222d9bfc7496d48240d0d176c70e2835,4
a7d26deb2f8af2465df8735111eee8bc,4
3c3acd059acf29b49519c09e7a01b3c6,4
159378f47540a8dbdc99d0e4625e6e97,4
1c53e2c34d1219a2fae8fcf8ec872ac8,4
1ad669a7c148352dbb5389a8238e8fa0,4
dc531be53c6726e4279c6bbd87b8e169,4
4bd33ba8957168dccbeadbbea45c6843,4
10672a166c8301cc9e0ddebf3ed91fbe,4
a581038a69cfa035ab45244c92b61fe0,4
159378f47540a8dbdc99d0e4625e6e97,4
592ef26fa2ffc5495fa0f5c812bdfeee,4
222d9bfc7496d48240d0d176c70e2835,4
10672a166c8301cc9e0ddebf3ed91fbe,4
