Id,Class
c1191c7efc4b1fb674694f9920076da5.apk,1
1d2bd3908ab93ac56ba69019791e1a63.apk,1
161a51d8e66dfd5b0d7a290e0eb29036.apk,1
aa5fe233d1e080f3ebe4b1968fa53fda.apk,1
11d389146b923895f6867ef403d1af4b.apk,1
0a58fd1542cdd4d84550ec5deefed2b6.apk,1
14292932679d6930f521a21de4e8bffd.apk,1
57ebf71043609ba4e2d42f4c08f8a5c5.apk,1
3455aff554ef42c1fc41e4bcf6acebb7.apk,1
5376d63e7c498b52548e1c487d972a9c.apk,1
16848ed83702e6fbecb0abf38b63771c.apk,1
03d4af908c194c4492e57b986a52d9b9.apk,1
090f717dec14c0198e6c235accee7cd0.apk,1
13bca905ccc119771040fd5fd30afff1.apk,1
18f0a4edf574a68346244b0e02cf8b88.apk,1
d9626d54c63f8ce4c32e9061b62009d0.apk,1
199cf86600c9e7a518ac9f1795b307c7.apk,1
309fecc4cb7e80023ef83fd9ba75cfbb.apk,1
094f67a3a682a0cd4305d720cc786e00.apk,1
40aeb22aba6dca5eb926b0ba4834177d.apk,1
010474247ebfd78a765cfc5b7db550e1.apk,1
016fb420aa291325e8dfd72c55d8c832.apk,1
0d2d1fb3dc67717216f542bca0156f3d.apk,1
002485c5c96f0681a4eccee5b69c5f50.apk,1
06ea4781b1ecba14454a234a3361daa0.apk,1
042577326f0407873d900bb65e401891.apk,1
020241a8933c0798d537180c84085e79.apk,1
ed323f9a664c535afc7fb75aabecb9c6.apk,1
21d12ef6cd4f247a91880c44dd7449a6.apk,1
0318653999a8096d2babea0dc665a17e.apk,1
10875400d5a9201bf8a430f1fa247060.apk,1
2c5f158e2be5b0a67fe7378d6cff0d2d.apk,1
7fcfb3327f7593c3b579c1d5e45d44dd.apk,1
1c0c1837e99107f137c47e87570be00f.apk,1
0a573eb7a13964cbd94a70a90406fb1e.apk,1
fd4b9f97d3534c009ccd95858032eb51.apk,1
6009c8c4c66771c67357283b7d665dec.apk,1
097d44ba157aece681c07a3d4f650d49.apk,1
18ba00b2666aa67497425c4e8bc905f2.apk,1
8be7ac1e01b3a5db14103187232d4f75.apk,1
5d7af62c7f33522a8fe50085204d90c8.apk,1
b92765d38cd1c6f49dfc2da5d857efc2.apk,1
2e34a05a8dbd10579ec745872ebdecad.apk,1
209d9a746c16e94e695891c1cdca8312.apk,1
00cf4e209bb1719646f5309e0b5c1583.apk,1
04cda5773c1bfa9a5387c9e5b8bfefac.apk,1
00c921f069c02d88c96900c212db4b39.apk,1
05ab6089d7b8e474881c7e5aa5ed9b06.apk,1
15ca5ad27034f5b9c516afc94511adba.apk,1
02b222e277c8a44e2fe67e4e734571c0.apk,1
168aa2734efba288e4025275ab1dec3c.apk,1
e97be7f2450dd363d2d53711dbf4c4ae.apk,1
eb7c0cf99ebc58e6a05391cc2319c89a.apk,1
9e8fa23dfc817bdcad42b2f6ada6e658.apk,1
09714aac017c9acc96d270eb9bad9dc1.apk,1
0fc9234b6bdb33aea39e3957fa582f62.apk,1
070194b27034d592f62e98887489e00b.apk,1
0f050fb655e4624925d9d32582805601.apk,1
39d84c6ac4837d210690f65e60a27378.apk,1
002e34c2b615c13fe21498013c5daa16.apk,1
2303e8a4d1bee66bcdcff31770d1109c.apk,1
06dddec91d1efd55363aaab40b3ff2aa.apk,1
06deb2b73527f730b68b126519fa4c55.apk,1
0306fbe880a11761c775589ed9ff7381.apk,1
11517a3faa093728a24a3b7f044bf9c2.apk,1
05b9c3619fe68968d55bfcbad21f0b23.apk,1
030a142b6c1913dabd1d2186ba2a0e48.apk,1
0e3cc4510cbe53840b471bf140b83eef.apk,1
11521e42f4ed27605dfab6aab6d7f06e.apk,1
0102f20a81eb1cf3c86abd49a2f4c06b.apk,1
1e071e3042dceca4a0fa92f3e89c998c.apk,1
c57194d05a30d53c764983c70e471791.apk,1
0fb48dda4462519bb762930c82248b56.apk,1
2186f65199f8c6be0d27c40a65637d70.apk,1
18565907b3a04006b6bcd3a7eb402dc3.apk,1
f3d11149cf49e48c74bee08da507469a.apk,1
02d23d111dbf8812c635d4f0eadc75b8.apk,1
02e38abd7ed8714ba37e30e21a334648.apk,1
17c290bc50f76292ebb10586babb8ac0.apk,1
01cd469e80f79e7237a6d4fd8bc17c44.apk,1
101ef95c05043fc95e69514d221f704e.apk,1
0e06bbfdeb4a7c4bcf7f0a6fcfc6fa38.apk,1
2299b0b039c1bc23ed0dc9abe0227435.apk,1
00fbcc473c451ac5baa52246a7aed0ce.apk,1
0c029418165cc8a7fbb25de0f37b720d.apk,1
00eb3d75ca5624af970482bafc3d6a73.apk,1
08026e2b63ec51cb36bc6cff00c28909.apk,1
1f0f79475e428c84aa26e51fef472f3b.apk,1
7f521bbef670ab04d27b30ac96832734.apk,1
fe7a44137739c8543d066ec0c2aa15b9.apk,1
da8f8d68f6ded154378b25d82234d8a7.apk,1
45dae1ee4ca1980c140cb5c9da2a7ed5.apk,1
b92b038965bdcd9ae3b91679f7cd3ab6.apk,1
10c17fcef5c4d18a9e933d0c4d0f6d23.apk,1
1021f51f46879b802d3d40803dcd2fc5.apk,1
dabf1f1c058ef3f95ba497fef4e9195f.apk,1
19ae2cd63c8ea0b6e5cb68b4af96ca9e.apk,1
09c6697dbd0e5f0dc598e3d2bcd8c0b1.apk,1
a73f6b0e4b6497757208e5d302554fee.apk,1
0b23d608afc90c8acd0b7f8d807ede2b.apk,1
c16a2685052edbb2bfcca7ea12f580cb.apk,1
119658211908d17d4f78f36168477af1.apk,1
0dc29a73d74be55df4c84e26ee31b716.apk,1
eda9098498a6201383e311f9b3757b4f.apk,1
10261625aa8ca539ecd2a870c8bbc086.apk,1
dbe952dd2becf9725f84780947582fb2.apk,1
26676538cbdedc1285699d9af0dcf06b.apk,1
0c3d8620d1d813e7d3d015682736659f.apk,1
028733be662b4c4b8b7f2676c2987411.apk,1
19960ed01a8d5769eedea76db6d14f40.apk,1
2375950e3580a3c4a1ba7b79a3448454.apk,1
0125b812c1a948e0cb39d22f4b5615bf.apk,1
0eee13df20ee4ad1f60305dacc661873.apk,2
226ca1802f0ad1811b0a19986cbbfff6.apk,2
0378f0cf4e7241a4c0f5a0722e601638.apk,2
2a8c161ec7ac59b0409e6fa9b4f9ca80.apk,2
2cbadcc6a5474687a4f6a7f4183d835c.apk,2
1096d7bb79161996c56fa2c3ae704939.apk,2
2b90fca41272bec8b8ffefbb2456c001.apk,2
4f468c3f9d141cab152daef5036cf68f.apk,2
ddd0e0bfbd81c175a6e68272df4fcb5a.apk,2
02f3ddaada005263619aebdb2d2a14e0.apk,2
e6bf42edc7badf0c67074b085d245feb.apk,2
2b3db5c3d5c519fc77da7b3ccb25b9c2.apk,2
20ea198600c8fae497e390fd2f113b5a.apk,2
bba26bb93eefd3dbed1ba864dab8b8a9.apk,2
3a8d580df0be5797e49c2d85aae25aae.apk,2
173cff6affac71ab04d5a12521883eb2.apk,2
76bdff4993899c4451a419eea9250422.apk,2
1fd70b4d74955259fc322a9a7e7e0bb2.apk,2
46a4dae8d679775cdbde69b31d975f17.apk,2
787481b5d3cb2d48098f12db3012347e.apk,2
3a47a6e048d5a6a10f4a2da4424df988.apk,2
0685192d16888b55e8c581f416dc7e22.apk,2
0709f23a82b4110d7333a5bdd81e799a.apk,2
0c19dc80f0190c6c29345bf01bc840f0.apk,2
4f9a18692f7adbfcaedb0e6f4fdecc9a.apk,2
3f60bae956ed671a02c4ae23fdc4a391.apk,2
40449a2ec48c3e630b2eb8c8089828cf.apk,2
d002f0581a862373aa6c6c0070ec3156.apk,2
c9e3af6a4429197c05c18408f9f287ee.apk,2
7b9af6586d1711150149b324cd5043bd.apk,2
2e6290ea191c3e9c4a93c38db6f38c8e.apk,2
33e85fd82361c3b59ed1e221c668844d.apk,2
079b54972ba05f0e4652c46559d40604.apk,2
1ecc3627858375bf968978156cb70562.apk,2
4a920426e5ed54cce87c2cb30d4c88db.apk,2
5e0da2476bb8ab81281bb61edfc84e18.apk,2
96462df95b266d6f775967e5aa798d09.apk,2
2acd800a5c95d73c493ed148748a643a.apk,2
7b458cfb721c3219af06638fcd3379cd.apk,2
00a419a4ffe1819a51207b3140592734.apk,2
82fb2b41e1e0155c50d2a2c850180cc4.apk,2
9c1a90860302572a0d86bcf6c6a084ee.apk,2
19ba83c546250a5acf4e2d59623c3c40.apk,2
0f1553bddd194d6597a215c69326828b.apk,2
11f666e80b3cb75d5a9c4c334c08cb0c.apk,2
a1593777ac80b828d2d520d24809829d.apk,2
0b5697a9975bc9e978fc96a0333443c8.apk,2
0090db3654c2bfe6925f5ace023399d9.apk,2
4b4ae7e9d584f0d01928cb1c8d5d3837.apk,2
0c5b06142035314e25a062f04aaa1b00.apk,2
15b16c10d315bf738c2273e83f093530.apk,2
05af60ce8a8c3cd31682982122423ef3.apk,2
0e7856d1685a712cfa62f6f23957d89c.apk,2
0e3294e4ff1019164bb91ea0a67a51e6.apk,2
6b14aeb8a008966298349423517b2184.apk,2
234115774e10aa7c34c359091ba09f38.apk,2
0a8a0bf71a8b3196d5a1ec1144ec15e6.apk,2
0c5a4e855d1842f3548a0e761b7cfdba.apk,2
2f4e363556c508921924e5a35f8c1665.apk,2
1d33631145ab19b51b2e404845d3256c.apk,2
1d0fd6e8601af2f9299d1cf8e86ecebd.apk,2
b3392cd774f9ff834aeb742a7a4a40e5.apk,2
0f87eb60d9872d40877c84b7af888b28.apk,2
01f12b685fd71182606d622163f55ddf.apk,2
0a6bd6d44fc7865847c5cc521be5edd0.apk,2
1fa16f1bbcfa2f8254bbc9b59af14ec2.apk,2
2d84afd761b473eff0069e9e0de97e16.apk,2
7cb70612e7ca5d14dc8b6a6ac835c341.apk,2
5edba94ed95bc9c06aadfbf66c2b8f6a.apk,2
09bd989ecbad4964eab2258b1455c7b4.apk,2
4a1d06e848a4ccfcfbe533aab63671fc.apk,2
011889b7c5892e514b1c833d6bd4c476.apk,2
3e4f620b98908090340dab1b790c4bfe.apk,2
6ec3de3676ffaf056ec2bae7e5f97b8b.apk,2
49dac3b35afb2e8d3605c72d0d83f631.apk,2
3e3dcd7021328709748e56d885e122ae.apk,2
1331ae4b33daabf7ac0462cf03babf6a.apk,2
8e1a4187f9a211b0c28b7dbe5fa6deec.apk,2
e9068f116991b2ee7dcd6f2a4ecdd141.apk,2
d8b10e7251ae58645ac6613a5655fc18.apk,2
2f4d81ef1b10bf72d0dba0fdf354527f.apk,2
0adcc06fe300df345a48c49c66801e42.apk,2
04b2c5d39ba3f3c65a22b7ea0bcfa36a.apk,2
00df7b716f539fb3cc7815ca93b5768f.apk,2
af1863dd2babc0f8c0f5a4523ac8e294.apk,2
8354d69d2645b08b45743045723947e6.apk,2
03f9eff3229e3a4eefc9224f916202b8.apk,2
0a92c1b67f2cd4d49e8d878f313bc2c3.apk,2
ff6648303056c0f09f584a0d01607bad.apk,2
1a4a6d135629d56917366d18c99ed316.apk,2
a92301c54d8bcd96a9f405a313b375e7.apk,2
0d35dc4a58697fc003531f7edbde9f9c.apk,2
23cccc38d7397b8dc4613d0a53d78d63.apk,2
3fd5a098f2b8e5a147fbca1f4b8b8f22.apk,2
5deb5969dd67e5021bafa07c6ccc1330.apk,2
b1ae0d9a2792193bff8c129c80180ab0.apk,2
f3d8eb5c923390534da01d30d7dab130.apk,2
4aed54ec11434839b7d13b8a34c3b085.apk,2
14a457989137585d27e4942c3ef1e0c4.apk,2
6bfad4df4b512260973a54753b1494ef.apk,2
6b0ba04a1ac9aa527ed6c4aef668993d.apk,2
3f85dc61d4d24d185e0d4c9f0807ed11.apk,2
81e95fc791f04b75c9d3d2b1f5d033e7.apk,2
04276665aaa3725ea34097c4c874873c.apk,2
4aff6ec54c15f95e75a453460fd744ff.apk,2
1c17f0f46246b0a3a0ca460f42490b20.apk,2
015893103a16ab984c491180a53e7319.apk,2
3841abcef2b1b37aa7e2d47c535ca80e.apk,2
6c9bcb2482132974f4d6e5e0061df4c0.apk,2
695b26b438f47d40a30182db79cb94c8.apk,3
b479621b02074c006c00a7b1d36d90f7.apk,3
6fc29ab75d87a5b1e0dd792c5c68d738.apk,3
13dd34ee4cbaf6a54f6183ef80486e71.apk,3
a3fe790a2a1d0c4a8057c274968c55ab.apk,3
4dfb36ce42608ba7692540febfc97b48.apk,3
1be29a6622543f6f5063eda1d83a4e49.apk,3
3b5702c2996aea7d4a940417745b6a70.apk,3
38f9473fe16a1d7aff5183fb9aeae232.apk,3
0c8bb7f6e5f967ee4a5c694c9eba54c7.apk,3
a3b05085eacffa08528ba2b93c40faa6.apk,3
c54504802ed5dc3a063c9e38a89aaebe.apk,3
353e4049a9382e87ed46a622a1575175.apk,3
3a895a2d19f040d7826e68c2f9596c55.apk,3
37fe4d98b975e95c83ad228deed9daa0.apk,3
7cd86d83d916dbd9b04d0e7e4f9ff6e8.apk,3
3d2f3690fcb3d3836161f12f6f14c633.apk,3
13adcd5f066cde100a666c1cd07dae76.apk,3
42d735fac7ad7576922f0027c591622f.apk,3
9324376e27f9e1ddd05d181d656c6b76.apk,3
40b9b7452534e13100d73a8f314392eb.apk,3
04e1ddcf21e336694f56c2f819f8f467.apk,3
080b0ed2d9bf87e9f3d061a1ba48da33.apk,3
1ef96d3b8e4b5d44eb4932a6da59b6da.apk,3
db312ad7457600b90078c5d9d3cccb10.apk,3
5e548fabeca93cb2045d7c88a61ad865.apk,3
8c667700571663de6c983d6eedeb61e8.apk,3
a381b88927adccb29ff92efb9580310a.apk,3
31ab90bce315cd8d47e9551d371fa289.apk,3
9bee2fe3ba323eea189ffa63f927c9bf.apk,3
5d184dc03310ab257e97cf07141a553b.apk,3
c290b9ecf18c8635165f6dcc10ec14af.apk,3
e8290db04c7004ec8bb53f7cda155eb9.apk,3
58a2d00d9c8efa24f9690ee45f793831.apk,3
030423f26809f9112188c3f9e1cea201.apk,3
1c59152a29d6a286f0a45706b8b28ea8.apk,3
1a7409b8e0f6cc299a4ac0b9ca67856e.apk,3
41172f215cdf0086a58d6fd023b3bc3b.apk,3
b3c7575f237a5ceed88b9a0420c1beb6.apk,3
4b3b5b7d8d36301ac099b1de94f97c11.apk,3
eda506a6c01c3c7e149ebaebcf929c40.apk,3
03e8e080616cc50e06ddfea24aed0623.apk,3
b6d0bb5f7e7a5d1cd151a6a979b9e38d.apk,3
5dc565a01bb789d8d171c20f52ac34c8.apk,3
68c9b7be13a2baef87370d291a5190ac.apk,3
1634b1fb3b353019e9d3b7b3d21507ab.apk,3
caed8a52a079ea0679071d976c698f35.apk,3
c8181ffb678ecae2ffc921a08fa07fed.apk,3
3289b7c5167d764081e6b8e379bd46c6.apk,3
111f0d6f5d576fe77d45a5a3b61659f2.apk,3
b36a751d72e2bdea80e7ff72b6fb3a41.apk,3
aa31e77775f5ce3e85ebf3bdb09f590e.apk,3
dee3a84dff4b98f01eb9c3d6ce5672f9.apk,3
3e30f2644a2e9f1b81f7f5a810e5f6ce.apk,3
4cf8dc4ecd8a501444f099a763ba1a24.apk,3
fa8d4ee44044b0fad215cbd37b8a9646.apk,3
1e87d0abe94a38b5e305ac6371b4190f.apk,3
1d52a12dad15d8a6ea59467ec8ec4732.apk,3
37b993b5f59bbed7538265885429e4c4.apk,3
1de012d8de8b0be0d0b27da1a0c03f52.apk,3
5c12d7911a2544a7edfe69ee9bbc9b89.apk,3
04c12809d3b1809c9980bd1e3e11e0f7.apk,3
b51837d70ca12d6ccfafd1a204e39b4a.apk,3
08d05f01671f788e9c17a9ffca0547b0.apk,3
b3a694ab3b58de4a944a3d4a03f67c6d.apk,3
c124947a5df6b8fd6eee98dc1d63badd.apk,3
b2bb7d5f5e2f8e7151d18fdb0d17fbe7.apk,3
a4fcaf1992da47e554810837da2c9ca2.apk,3
1652df0226b10d8add1e909f28fae149.apk,3
d2417708de2e2b7d82c7e0908083855c.apk,3
eae4505cac4e15a5108c2d1ca028dbdc.apk,3
d92f94c58c07e6c8ea65184b74e5c5c1.apk,3
87206282b998b89ac113947fcf660534.apk,3
0054d35c7bc28a76d79e6ba7887c341f.apk,3
2ed1303f058b1bf4a3911d177b6b461e.apk,3
1645cebc0a6d986c35318ab77f41b64a.apk,3
7865234464c08031f39e1b59bd3e6668.apk,3
707f1bef510096b8057d9530e9f78315.apk,3
17c6e5865fbfbd84c05f6bcf9078f811.apk,3
7739442c33e2da158a2d2db876e92e94.apk,3
a8fe9d0365b5779a43282848565d074a.apk,3
3d4b4968621c5f42d835447643f37105.apk,3
0c67d0919e574a6876c73118260368ee.apk,3
162cb09e2eebd595eae2617cd3af1d0d.apk,3
ea02d2b195f8940cfa418e0eab2a621a.apk,3
1c4e357a8ec5f13de4ffd57cc2711afe.apk,3
6a66635b6b7116e70e996e0ee697ad66.apk,3
1e680e1a75f5508f48f56b85bbc254fe.apk,3
4b3206b49960db5937ff9ab83eade925.apk,3
bdb6fea9d867202eac91a87581f4a340.apk,3
be335fe8fadd6418b8f2c1538aabd9bd.apk,3
7c6f09574962328ddedb1b2e962eec7c.apk,3
e725c82055032ef20a8bb44a2cab8dc6.apk,3
e4462db3ec4950cbe50391b4467ba301.apk,3
1d15765ffee294f27da4865356a994bd.apk,3
b464a695cfacb29ae4b0c6ae934f217f.apk,3
8fc7d2c4b22f2cb7bc9dc63592ca5339.apk,3
31c657bf77ea817893d9ba13dbcdf749.apk,3
ebc4aa7e93e1d82dba2accced7c68e40.apk,3
2bcf8dd1233186ae267a67479fdd1e4b.apk,3
7344f2d8f1e9cbee419d254a9b307ab4.apk,3
5b47d801ad308fc5a766970fdbd713fe.apk,3
abaf6cb1972d55702b559725983e134a.apk,3
b9b5ac2c9ea9c72c220d560bcaf265b7.apk,3
25ca0d7522236b3fb7e3ce93fc9d5a13.apk,4
0277658e68a30104fec943150f74b0e5.apk,4
0b2f0c2ddf4a6a1101036286d75709f8.apk,4
66461af2d3c3b018adef6dc451e59802.apk,4
5cfeb9dabe032761ac0b5e671cc5ebab.apk,4
71b71397622bf9e0b97fdeaec3771b18.apk,4
75917cec7507075e6a2128a18db08cfe.apk,4
3ac34928fdc36c9f3e4dca61ab75c691.apk,4
cd07b48e5ba86570c123e93461cd78db.apk,4
1106d451a2330cb89f130543cfd26103.apk,4
6349462efbe6ccf4290d4c19dd740cd7.apk,4
0639a74f508591f99a7d2309f5825fea.apk,4
12c2978db3aa04ad7e5ea2b98c56ba00.apk,4
237d0253fea2a777798360175fd941e9.apk,4
159378f47540a8dbdc99d0e4625e6e97.apk,4
8ce42ae8f1206130aeadaa7cad062aca.apk,4
6cf17ea9a7f688c8ac3f953d4cee6795.apk,4
dc531be53c6726e4279c6bbd87b8e169.apk,4
1d4fcc628e65babec21985b71295cc9a.apk,4
04f62de93dae091e1c94832234263db9.apk,4
2c7b372254730bfa366e4759db34812c.apk,4
9bd28bf73cde6af073ded5169de17f09.apk,4
041f8b32fa15efda620b04a5dd41554a.apk,4
9639430c8d83e94a2deae6c14cd4fae0.apk,4
0f52bf7d7b6cf39cbe438b141372e923.apk,4
12fb8804389e7496ff5a56e2134ccf5e.apk,4
01147ee72ad07cb9c1416b9963e56f99.apk,4
a7d26deb2f8af2465df8735111eee8bc.apk,4
4bd33ba8957168dccbeadbbea45c6843.apk,4
2a8d8e633510dbe3c419b593ddf2be6d.apk,4
064490ecaa3cf7790fdf49c0016f7bfb.apk,4
00da61a6c82ee1b6321898c40dda0205.apk,4
d3ff6a5e9f69bedd67c09e31ed94a1bd.apk,4
7c9d7f4a6f7d8b4d4627f15867ca9d1c.apk,4
112026eab375721007691178dd94740b.apk,4
d0d765731a30dc7d68ab339d144e946f.apk,4
10672a166c8301cc9e0ddebf3ed91fbe.apk,4
03ef0dac1f97f15388bb873a417f6537.apk,4
008aafc94cfdc5e41d8f5fa41abe23ac.apk,4
25675b6dfed1491e0e5b411826fe8772.apk,4
2283b78067b8e8cc2d6c88994a703528.apk,4
02548535ff1cc285fddf699f2d77bcba.apk,4
130a8a08dc6ac74fe7f7d70ee3c629b7.apk,4
12d31f8b0dc89a3b196b56ce7ac23b89.apk,4
4fd58e60c95708660cd35aa90f733248.apk,4
00c0a3916b33e792e4b5f23a3a58ec7d.apk,4
0647e7667203a2a9e1858a6e9f49e98b.apk,4
1d342362aa5deb2d3c96294ef0a65cc0.apk,4
1b88ccb40cb03903680368f9bc9e5f6c.apk,4
d335f22545505783e473b42259253d36.apk,4
102b4f0f42a267ad9354ea104e787241.apk,4
3c3acd059acf29b49519c09e7a01b3c6.apk,4
222d9bfc7496d48240d0d176c70e2835.apk,4
a063292d8667cf3d83ff9365dfb8650a.apk,4
5b912cc0f36095ab2f32d95e91b55be7.apk,4
1c53e2c34d1219a2fae8fcf8ec872ac8.apk,4
1ef20d8e75b9706d1597d58022a1e7c3.apk,4
762138e933a681628ceab29d8e5a96a2.apk,4
0b31b97d9ce3b891c7d5b145693e63fe.apk,4
217ee4263881095922de50e6fde1746e.apk,4
078f2f3bc9629b930cec5c7cd21a2e53.apk,4
0835840a0dd592d5bb4dbb24c4b5bd0c.apk,4
00f6cb935df075494a1fd1ce5e918a7a.apk,4
0df8e91d4ee84180099a26d97cf5baf4.apk,4
456d061745137912b5c7972bb1883d68.apk,4
0dad5140086599b61662645b288f9e22.apk,4
ad24048dcb0acf80b1daeecd7274bdb1.apk,4
3fbad2e5b4721effbeb4ceb6c3690f5d.apk,4
00357b0e208c20df3182d54cb2ba15bf.apk,4
a2603254188da3d67e4da5452e0304a9.apk,4
037dd7097890e10e661b10d52db2241b.apk,4
3b785b799471bf424f240deb674a2097.apk,4
08fc87495bb335263373d85df13403ab.apk,4
a581038a69cfa035ab45244c92b61fe0.apk,4
812a7218cfdaed1dba29b7d3b1b54f8b.apk,4
5810c236c795c7236110fd32930de6d9.apk,4
09eb9b6b2daa7df06261bdc7a2094271.apk,4
153e99c5484c0fdfb4295f02f54dc6f8.apk,4
0d2fea2cb40b41e9d568f4ac986ea139.apk,4
1046b8a9498edb5ee6f175d752ec9c32.apk,4
1251255ee2432e5606f2061f98334eb1.apk,4
28ec3aacbb81f7e0ca51e2374fccb09c.apk,4
1ad669a7c148352dbb5389a8238e8fa0.apk,4
aa2be7fd72752dffa89fb903cb70392e.apk,4
0e20e797d2bba903ff61bf2e78b8e298.apk,4
244c982e91b55edd55fab1c96c392211.apk,4
50e1f008d92edbde5a4c3185ff8f9c55.apk,4
0f3ae8be97f2089d7173bc4e60f46fb9.apk,4
08634da89ce3e70a81bdf128b998a89e.apk,4
073a2f2d51c7dc00eb21e27cb8fa80f3.apk,4
0bccdcc7d63f0754e9e66c806e8e9203.apk,4
0a5d73b773d6360b5660a368cd39c6ce.apk,4
047f5f8602dbe34cb94bfc6d508e49fb.apk,4
592ef26fa2ffc5495fa0f5c812bdfeee.apk,4
62271d750449e39024b0db039a53dc98.apk,4
139e12d02ddc75fdc8a4c90cc063f2f9.apk,4
0d33685eff9b6df4e87d799689e99a32.apk,4
14013bbb99636e4d17099401aae616ba.apk,4
b469d12d7307f9a6b369d4f7301a6c4b.apk,4
0d9f9a88a564bfcfa2e54b504d6562f9.apk,4
02985692e377d55eaa4347a77b52d789.apk,4
